Name,Team,Age,Position,Apps,Mins,Assists,KeyP,AvgP,PS,Crosses,LongB,ThrB,Rating
Kylian Mbappé,"PSG, ",25,",  AM(CLR),FW  ",24(5),2160	,7	,1.4	,32.1	,85.2	,0.1	,1.3	,0.2	,7.71
Romain Del Castillo,"Brest, ",28,",  AM(CLR),FW  ",30(3),2522	,8	,2.7	,35.4	,75.3	,2.1	,1.4	,0.1	,7.35
Aleksandr Golovin,"Monaco, ",28,",  M(CLR)  ",25,2155	,6	,2	,44.1	,80.7	,1.4	,2.6	,0.3	,7.30
Téji Savanier,"Montpellier, ",32,",  M(C)  ",32,2777	,6	,2.8	,50.8	,75.8	,1.9	,6.2	,0.1	,7.28
Ousmane Dembélé,"PSG, ",27,",  AM(CLR),FW  ",17(9),1510	,8	,2.3	,36	,81.8	,0.9	,1.2	,0.2	,7.28
Vitinha,"PSG, ",24,",  M(C)  ",23(5),2130	,4	,1.3	,64.3	,91.3	,0.3	,2.7	,0.2	,7.23
Pierre Lees-Melou,"Brest, ",31,",  M(CLR)  ",29,2521	,-	,0.9	,56.4	,86.5	,0.2	,6.6	,0.1	,7.22
Georges Mikautadze,"Metz, ",23,",  FW  ",20,1755	,4	,1.1	,19.4	,74.7	,0.3	,0.5	,0.1	,7.17
Edon Zhegrova,"Lille, ",25,",  AM(R)  ",25(8),2299	,6	,1.4	,25.5	,82.6	,1.3	,0.5	,-	,7.15
Manuel Ugarte,"PSG, ",23,",  DMC  ",21(4),1935	,2	,0.6	,53	,91.5	,-	,2.4	,0.1	,7.15
Wilfried Singo,"Monaco, ",23,",  D(CR),M(R)  ",24(1),2187	,1	,0.6	,57.3	,87.2	,0.2	,3.6	,-	,7.15
Gianluigi Donnarumma,"PSG, ",25,",  GK  ",25,2170	,-	,-	,26.3	,87.1	,-	,2.3	,-	,7.14
Florian Sotoca,"Lens, ",33,",  M(CR),FW  ",29(3),2603	,6	,1.6	,40.2	,77.5	,0.8	,1.4	,0.3	,7.13
Pierre-Emerick Aubameyang,"Marseille, ",35,",  M(CLR),FW  ",30(4),2628	,8	,0.8	,17.9	,70.8	,0.3	,0.1	,-	,7.09
Junya Ito,"Reims, ",31,",  M(LR),FW  ",31,2722	,7	,2.6	,29	,73.4	,1.9	,1.2	,0.2	,7.09
Benjamin André,"Lille, ",33,",  D(R),M(CLR)  ",29(1),2575	,-	,0.6	,63.1	,84.3	,0.1	,2.3	,-	,7.08
Bradley Locko,"Brest, ",22,",  D(L),M(L)  ",33,2961	,3	,0.7	,44.8	,85.5	,0.9	,2.3	,-	,7.07
Alexandre Lacazette,"Lyon, ",33,",  M(CLR),FW  ",27(2),2308	,2	,0.7	,18.8	,72.4	,0.1	,0.6	,0.1	,7.07
Jérémie Boga,"Nice, ",27,",  AM(CLR),FW  ",24(4),2011	,6	,1.2	,23.4	,84.8	,0.8	,0.6	,0.1	,7.06
Jonathan David,"Lille, ",24,",  AM(C),FW  ",30(4),2641	,4	,0.9	,19.1	,82.7	,-	,0.1	,-	,7.05
Christopher Opéri,"Le Havre, ",27,",  D(L),M(L)  ",28,2447	,4	,1.6	,41	,76.8	,2.2	,1.5	,-	,7.05
Youssouf Fofana,"Monaco, ",25,",  DMC  ",31(1),2703	,4	,1.3	,54.9	,82.2	,0.1	,2	,0.2	,7.03
Maxence Caqueret,"Lyon, ",24,",  M(C)  ",34,3025	,3	,1.7	,56.1	,85.6	,0.6	,2.3	,0.2	,7.02
Teddy Teuma,"Reims, ",30,",  AM(C)  ",25(3),2125	,3	,1.5	,48.2	,83.5	,1.4	,2.3	,0.1	,7.01
Vanderson,"Monaco, ",23,",  D(R),M(R)  ",20,1649	,1	,1	,40.5	,76.5	,0.3	,2.1	,-	,7.01
Achraf Hakimi,"PSG, ",25,",  D(LR),M(R)  ",20(5),1931	,5	,1.7	,69.5	,88.7	,0.7	,1.6	,-	,7.00
Leonardo Balerdi,"Marseille, ",25,",  D(C)  ",26(1),2275	,-	,0.2	,59.9	,86.5	,-	,3.7	,-	,7.00
Kenny Lala,"Brest, ",32,",  D(LR),M(R)  ",33,2970	,3	,1.1	,52.6	,81.9	,1.2	,6	,-	,6.97
Tiago Santos,"Lille, ",21,",  D(R)  ",26(3),2364	,2	,0.9	,38.1	,83.2	,0.6	,1.8	,-	,6.96
Brendan Chardonnet,"Brest, ",29,",  D(C)  ",33,2970	,1	,0.3	,54.7	,83.3	,0.2	,4.5	,-	,6.95
Jonathan Clauss,"Marseille, ",31,",  D(R),M(LR)  ",25(2),2072	,4	,1.7	,42.9	,79.9	,1.6	,1.4	,-	,6.95
Joseph Okumu,"Reims, ",27,",  D(C)  ",19(2),1743	,-	,-	,61	,82.7	,-	,6	,-	,6.95
Lee Kang-In,"PSG, ",23,",  M(CLR),FW  ",18(5),1472	,4	,1.2	,39.3	,89.4	,0.9	,1.1	,0.1	,6.94
Bradley Barcola,"PSG, ",21,",  AM(LR),FW  ",18(7),1381	,7	,1.2	,21.5	,80.4	,0.1	,0.2	,0.1	,6.94
Wissam Ben Yedder,"Monaco, ",33,",  AM(C),FW  ",26(6),2323	,2	,1.2	,23	,74.5	,0.1	,0.4	,0.2	,6.94
Marco Asensio,"PSG, ",28,",  AM(CLR),FW  ",13(6),1114	,5	,1.7	,31.2	,88.4	,0.7	,0.6	,0.1	,6.93
Matthieu Udol,"Metz, ",28,",  D(CL),M(L)  ",30,2700	,3	,1.1	,32.9	,78.1	,0.6	,1.4	,0.1	,6.92
Anthony Lopes,"Lyon, ",33,",  GK  ",31,2790	,-	,-	,28.4	,70.4	,-	,5.7	,-	,6.92
Takumi Minamino,"Monaco, ",29,",  AM(CLR),FW  ",25(5),2128	,6	,1.1	,27.8	,75.9	,0.1	,0.6	,0.2	,6.92
Gonçalo Ramos,"PSG, ",23,",  AM(C),FW  ",16(13),1422	,1	,0.6	,13.5	,77.3	,-	,0.1	,0.1	,6.91
Laurent Abergel,"Lorient, ",31,",  DMC  ",32(1),2862	,1	,0.9	,54	,85.9	,0.2	,2.9	,0.1	,6.91
Emmanuel Agbadou,"Reims, ",27,",  D(CR),DMC  ",29(3),2597	,1	,0.4	,55.6	,87.2	,0.1	,4.3	,0.1	,6.91
Thijs Dallinga,"Toulouse, ",23,",  FW  ",28(5),2518	,2	,0.5	,18.3	,68.3	,0.1	,0.5	,-	,6.90
Khéphren Thuram,"Nice, ",23,",  DMC,M(L)  ",25(2),2114	,1	,1.1	,41	,87.4	,0.3	,1	,0.1	,6.90
Ruben Aguilar,"Lens, ",31,",  D(R),M(R)  ",22(3),1923	,3	,1	,41.4	,84	,0.7	,1	,0.1	,6.90
Dilane Bakwa,"Strasbourg, ",21,",  AM(CLR)  ",25(6),2188	,6	,1.6	,21.6	,76.9	,1.4	,0.5	,0.1	,6.90
Ismaily,"Lille, ",34,",  D(L)  ",28(2),2467	,1	,0.3	,42.5	,83.4	,0.2	,1	,-	,6.89
Frédéric Guilbert,"Strasbourg, ",29,",  D(CLR),M(R)  ",29(3),2495	,-	,0.7	,38.1	,80.7	,0.5	,1.8	,-	,6.89
Melvin Bard,"Nice, ",23,",  D(L),M(L)  ",31(1),2663	,2	,0.6	,46	,84	,0.6	,0.9	,-	,6.88
Romain Faivre,"Lorient, ",25,",  AM(CLR)  ",16(1),1453	,1	,0.9	,32.8	,86.9	,0.4	,0.9	,0.1	,6.88
Angel Gomes,"Lille, ",23,",  M(CL),FW  ",29(2),2583	,8	,1.5	,54.7	,91.3	,0.4	,3.6	,0.2	,6.88
Bafodé Diakité,"Lille, ",23,",  D(CR)  ",19(2),1697	,2	,0.6	,60	,92.3	,-	,2	,-	,6.88
Jean-Clair Todibo,"Nice, ",24,",  D(C)  ",30,2654	,2	,0.3	,82.1	,90.1	,-	,3.2	,0.1	,6.87
Benjamin Bourigeaud,"Rennes, ",30,",  M(CLR)  ",29(3),2437	,6	,2.2	,42.2	,82.1	,1.5	,3	,0.1	,6.87
Ismail Jakobs,"Monaco, ",24,",  D(L),M(L)  ",16(6),1467	,2	,0.8	,30.6	,78.3	,0.7	,0.7	,-	,6.87
Denis Zakaria,"Monaco, ",27,",  D(C),DMC  ",24(1),2142	,-	,0.4	,46.9	,91.6	,0.2	,1.3	,-	,6.87
Mory Diaw,"Clermont Foot, ",31,",  GK  ",30,2700	,-	,0.1	,37.1	,64.7	,-	,8.3	,-	,6.87
Maghnes Akliouche,"Monaco, ",22,",  AM(CR)  ",18(10),1620	,4	,1.4	,27.5	,81.9	,0.4	,0.5	,0.1	,6.87
Dante,"Nice, ",40,",  D(C)  ",32,2844	,1	,0.4	,86.9	,91.1	,-	,3.8	,0.1	,6.87
Lilian Brassier,"Brest, ",24,",  D(CL)  ",30,2679	,-	,0.2	,60.1	,83.1	,0.1	,5.8	,-	,6.86
Arnaud Nordin,"Montpellier, ",26,",  AM(CLR),FW  ",15(5),1254	,3	,1.1	,17.5	,84.8	,0.3	,0.8	,-	,6.86
Mahdi Camara,"Brest, ",26,",  D(CR),M(C)  ",26(6),2039	,3	,1	,25.1	,84	,0.4	,0.8	,-	,6.86
Samuel Gigot,"Marseille, ",30,",  D(C)  ",20(1),1729	,-	,0.3	,45.3	,88.1	,0.2	,0.9	,-	,6.85
Joris Chotard,"Montpellier, ",22,",  DMC  ",30(1),2594	,3	,0.5	,36.7	,83.2	,0.3	,3.3	,0.2	,6.84
Marquinhos,"PSG, ",30,",  D(CR),DMC  ",18(3),1540	,1	,0.4	,84.9	,94.5	,-	,3.5	,0.1	,6.84
Vincent Sierro,"Toulouse, ",28,",  M(C)  ",25(5),2265	,2	,1.1	,39.8	,82	,1.1	,2.6	,-	,6.83
Alexandre Oukidja,"Metz, ",35,",  GK  ",34,2988	,-	,-	,25.7	,44.9	,-	,6.6	,-	,6.83
Rayan Cherki,"Lyon, ",20,",  AM(CLR),FW  ",19(14),1723	,6	,1.3	,29.7	,81.1	,0.7	,1.8	,0.1	,6.83
Martin Terrier,"Rennes, ",27,",  AM(CL),FW  ",19(5),1533	,3	,0.7	,20.5	,80.2	,-	,0.6	,-	,6.83
Warren Zaïre-Emery,"PSG, ",18,",  DMC,M(R)  ",21(5),1963	,3	,0.8	,53.2	,92.4	,0.1	,1.1	,-	,6.83
Lucas Hernández,"PSG, ",28,",  D(CL)  ",23(4),1917	,1	,0.4	,63.3	,90.6	,-	,2.6	,-	,6.82
Désiré Doué,"Rennes, ",19,",  AM(CLR)  ",17(14),1626	,4	,1	,22.6	,79	,0.6	,1.2	,0.1	,6.82
Danilo Pereira,"PSG, ",32,",  D(C),DMC  ",22(4),1993	,-	,-	,85.2	,94.1	,-	,3.5	,-	,6.82
Rasmus Nicolaisen,"Toulouse, ",27,",  D(C)  ",33,2927	,-	,0.2	,50.7	,85	,-	,2.8	,-	,6.81
Moses Simon,"Nantes, ",28,",  M(CLR),FW  ",21(1),1794	,5	,1.3	,17.4	,75.9	,1	,0.6	,0.1	,6.80
Brice Samba,"Lens, ",30,",  GK  ",33,2970	,-	,0.1	,29.6	,75.7	,-	,6.6	,-	,6.80
Lucas Chevalier,"Lille, ",22,",  GK  ",33,2970	,-	,0.1	,32.2	,74.9	,-	,4.5	,-	,6.80
Benjamin Lecomte,"Montpellier, ",33,",  GK  ",30,2700	,1	,0.1	,28.8	,62.1	,-	,6.6	,-	,6.80
Gautier Lloris,"Le Havre, ",28,",  D(C)  ",31,2780	,-	,0.1	,44.7	,85.6	,-	,1.7	,-	,6.80
Vítinha,"Marseille, ",24,",  FW  ",10(8),922	,2	,1	,10.7	,77.1	,0.3	,0.2	,-	,6.79
Facundo Medina,"Lens, ",25,",  D(CL)  ",30(1),2714	,3	,0.8	,67.1	,87	,0.2	,3.2	,0.1	,6.79
Amine Gouiri,"Rennes, ",24,",  AM(CLR),FW  ",24(7),2076	,3	,0.7	,24.3	,82.6	,-	,0.4	,-	,6.79
Neto Borges,"Clermont Foot, ",27,",  D(CL),M(L)  ",28,2517	,1	,0.9	,41	,82.8	,0.5	,1.4	,-	,6.78
Przemyslaw Frankowski,"Lens, ",29,",  D(R),M(CLR)  ",24(6),2196	,2	,1.3	,33.6	,81.1	,0.7	,1.1	,0.1	,6.78
Fabián Ruiz,"PSG, ",28,",  M(CL)  ",14(7),1195	,3	,0.9	,41	,90.1	,0.1	,1.6	,-	,6.78
Kevin Danso,"Lens, ",25,",  D(C)  ",30,2656	,-	,0.3	,56.9	,88.1	,-	,2.7	,-	,6.78
Christian Mawissa,"Toulouse, ",19,",  D(C)  ",12(5),1116	,-	,0.2	,33.5	,84.5	,0.1	,0.9	,-	,6.77
Steve Mounié,"Brest, ",29,",  FW  ",20(12),1773	,2	,0.7	,13.8	,63	,0.1	,0.2	,-	,6.77
Randal Kolo Muani,"PSG, ",25,",  AM(CLR),FW  ",13(13),1265	,5	,1	,13.4	,73.1	,0.2	,0.2	,-	,6.77
Nabil Bentaleb,"Lille, ",29,",  M(C)  ",23(3),1968	,3	,0.5	,55.5	,86.3	,-	,4	,-	,6.77
Marvin Senaya,"Strasbourg, ",23,",  D(R),M(R)  ",23(9),2141	,1	,0.7	,26.8	,81.7	,0.7	,1.3	,-	,6.77
Arthur Desmas,"Le Havre, ",30,",  GK  ",33,2970	,-	,-	,24.4	,59.1	,-	,5.5	,-	,6.77
Gabriel Suazo,"Toulouse, ",26,",  D(L),M(L)  ",27(4),2363	,4	,1.4	,38.3	,81.8	,0.8	,1.3	,0.1	,6.77
Yunis Abdelhamid,"Reims, ",36,",  D(C)  ",31,2782	,-	,0.2	,57.9	,85.2	,-	,2.9	,-	,6.77
Mostafa Mohamed,"Nantes, ",26,",  FW  ",24(5),2018	,2	,0.8	,12.1	,66.1	,0.1	,0.3	,0.1	,6.76
Arthur Theate,"Rennes, ",24,",  D(CL)  ",27(1),2300	,-	,0.2	,57.3	,88.5	,0.1	,2.9	,-	,6.76
David Pereira da Costa,"Lens, ",23,",  AM(CL)  ",17(8),1498	,2	,1	,25.6	,85	,0.9	,0.9	,-	,6.76
Kiki Kouyaté,"Montpellier, ",27,",  D(C)  ",22(1),1930	,2	,0.2	,37.7	,82.7	,-	,2.4	,-	,6.76
Clinton Mata,"Lyon, ",31,",  D(CR),M(R)  ",25(3),2222	,3	,0.5	,46.9	,86.1	,0.5	,1.7	,-	,6.75
Martín Satriano,"Brest, ",23,",  FW  ",21(12),1871	,4	,0.6	,13.3	,72.4	,0.1	,0.8	,-	,6.75
Arouna Sangante,"Le Havre, ",22,",  D(CR)  ",30,2690	,-	,0.6	,45.4	,81.9	,0.1	,4.1	,-	,6.75
Muhammed Cham,"Clermont Foot, ",23,",  AM(C),FW  ",29(4),2563	,4	,1.5	,36	,85.7	,0.8	,1.4	,0.1	,6.75
Chancel Mbemba,"Marseille, ",29,",  D(CLR),DMC  ",25,2209	,2	,0.3	,54.5	,88.2	,0.1	,3.1	,-	,6.75
Marco Bizot,"Brest, ",33,",  GK  ",32,2878	,-	,0.1	,30.1	,72	,-	,7.8	,-	,6.74
Leny Yoro,"Lille, ",18,",  D(C)  ",30(2),2672	,-	,0.1	,58.6	,92.2	,-	,2.5	,-	,6.74
Issiaga Sylla,"Montpellier, ",30,",  D(LR),M(L)  ",17(2),1457	,2	,0.8	,27.9	,75.1	,0.5	,1.3	,-	,6.74
Neil El Aynaoui,"Lens, ",23,",  M(C)  ",17(8),1567	,2	,0.6	,26.4	,86.7	,0.1	,0.4	,0.1	,6.74
Amine Harit,"Marseille, ",27,",  AM(CLR),FW  ",21(7),1829	,2	,1.4	,32.4	,87.1	,0.4	,0.7	,0.1	,6.73
Ismaïla Sarr,"Marseille, ",26,",  AM(CLR),FW  ",15(8),1449	,4	,0.9	,19.1	,80.9	,0.3	,0.2	,-	,6.73
Marcin Bulka,"Nice, ",24,",  GK  ",34,3060	,-	,-	,31.6	,84.2	,-	,3.6	,-	,6.73
Mohamed Daramy,"Reims, ",22,",  AM(L),FW  ",19(6),1657	,5	,0.9	,19.9	,77.7	,0.1	,0.4	,0.2	,6.73
Lamine Camara,"Metz, ",20,",  M(C)  ",26(5),2266	,4	,1.3	,27.7	,79.3	,1	,2.8	,-	,6.73
Mousa Al Ta'mari,"Montpellier, ",27,",  M(LR),FW  ",24(3),1943	,2	,0.7	,18.9	,76.2	,-	,0.3	,0.1	,6.73
Guillermo Maripán,"Monaco, ",30,",  D(C)  ",21(2),1769	,-	,0.2	,45.6	,88.7	,-	,2	,-	,6.72
Enzo Le Fée,"Rennes, ",24,",  M(CLR)  ",19(6),1537	,1	,1.1	,40.5	,87.2	,0.4	,1.9	,0.1	,6.72
Ernest Nuamah,"Lyon, ",20,",  AM(R)  ",21(8),1849	,2	,1	,21.1	,83.8	,0.7	,0.9	,-	,6.71
Morgan Sanson,"Nice, ",29,",  M(CLR)  ",24(5),1978	,3	,1.5	,24.6	,84.1	,1	,1	,0.1	,6.71
Jonathan Gradit,"Lens, ",31,",  D(CR)  ",26,2122	,-	,0.2	,52.3	,86.5	,0.1	,2.8	,-	,6.71
Nabil Alioui,"Le Havre, ",25,",  AM(C)  ",12(6),1018	,1	,1.3	,16.7	,69	,1.1	,0.6	,0.1	,6.70
Rémy Cabella,"Lille, ",34,",  M(CLR),FW  ",14(16),1468	,2	,1.1	,27.6	,84.5	,0.4	,0.6	,-	,6.70
Yvon Mvogo,"Lorient, ",30,",  GK  ",34,3060	,-	,-	,29	,72	,-	,5.8	,-	,6.69
Krépin Diatta,"Monaco, ",25,",  D(R),M(CLR),FW  ",12(14),1196	,2	,0.9	,23.7	,78.6	,0.4	,1	,-	,6.69
Marshall Munetsi,"Reims, ",28,",  D(C),M(C)  ",25(2),2180	,3	,0.4	,19.3	,72	,0.1	,0.6	,-	,6.69
Arnaud Kalimuendo,"Rennes, ",22,",  FW  ",25(5),2154	,1	,0.9	,16.2	,82.7	,0.1	,0.3	,0.1	,6.69
Jordan Veretout,"Marseille, ",31,",  M(C)  ",24(5),2184	,2	,1.7	,41.8	,84	,0.9	,2.3	,0.1	,6.69
Logan Costa,"Toulouse, ",23,",  D(C)  ",29(2),2650	,1	,0.2	,56.5	,84.1	,0.1	,3.6	,-	,6.69
Étienne Youté,"Le Havre, ",22,",  D(C)  ",22,1943	,-	,0.1	,43.6	,86.6	,-	,2	,-	,6.69
Warmed Omari,"Rennes, ",24,",  D(C)  ",23(2),2072	,-	,0.2	,51.5	,90.1	,-	,3	,0.1	,6.68
Nicolas Pallois,"Nantes, ",36,",  D(C)  ",17(6),1586	,1	,0.1	,32.3	,81.4	,0.1	,2.5	,-	,6.68
Steve Mandanda,"Rennes, ",39,",  GK  ",34,3060	,-	,-	,31.2	,69.6	,-	,5.2	,-	,6.68
Alexsandro Ribeiro,"Lille, ",24,",  D(C)  ",24(5),2217	,-	,0.2	,61.9	,89.7	,-	,2.7	,-	,6.68
André Ayew,"Le Havre, ",34,",  M(CLR),FW  ",12(7),1105	,-	,0.4	,13.6	,75.6	,0.1	,0.2	,-	,6.68
Montassar Talbi,"Lorient, ",26,",  D(C)  ",25,2205	,-	,0.3	,47	,85.5	,-	,2.2	,-	,6.68
Stijn Spierings,"Toulouse, ",28,",  M(C)  ",16(6),1514	,1	,0.6	,48.5	,87.8	,-	,3.2	,0.1	,6.67
Niklas Schmidt,"Toulouse, ",26,",  M(C),FW  ",15(7),1273	,1	,1.3	,35.3	,84.1	,1	,2.9	,0.1	,6.67
Nicolás Tagliafico,"Lyon, ",31,",  D(CL),M(L)  ",25,2129	,1	,0.7	,39.7	,86.9	,0.3	,1.3	,0.1	,6.67
Mohamed Camara,"Monaco, ",24,",  DMC  ",14(6),1044	,2	,0.7	,38.3	,92.2	,0.1	,1.9	,0.1	,6.67
Baptiste Santamaría,"Rennes, ",29,",  DMC  ",22(8),1931	,1	,0.4	,40.2	,87.6	,-	,2.9	,-	,6.66
Becir Omeragic,"Montpellier, ",22,",  D(C),DMC  ",26(2),2313	,-	,0.4	,37.6	,85.4	,-	,2	,-	,6.66
Pau López,"Marseille, ",29,",  GK  ",33,2939	,-	,0.1	,32.7	,75.6	,-	,4.3	,-	,6.66
Darlin Yongwa,"Lorient, ",23,",  M(L)  ",11(11),1153	,1	,0.5	,19.8	,72	,0.9	,0.4	,-	,6.66
Corentin Tolisso,"Lyon, ",29,",  D(R),M(CR)  ",21(4),1752	,1	,1	,48	,85.8	,0.6	,3	,0.1	,6.65
Terem Moffi,"Nice, ",25,",  AM(R),FW  ",23(7),1961	,2	,0.7	,12.4	,73.1	,-	,0.1	,-	,6.65
Lucas Perrin,"Strasbourg, ",25,",  D(C)  ",30(1),2723	,1	,0.2	,58.6	,87.8	,0.1	,3.8	,-	,6.65
Christopher Jullien,"Montpellier, ",31,",  D(C)  ",13(7),1222	,-	,0.1	,25.5	,86.2	,0.1	,1.5	,-	,6.65
Angelo Fulgini,"Lens, ",27,",  AM(CLR),FW  ",16(13),1382	,2	,1.3	,22.5	,81	,1.1	,1	,0.1	,6.64
Youssouf Ndayishimiye,"Nice, ",25,",  D(C),DMC  ",20(3),1715	,-	,0.5	,58.8	,90	,-	,1.4	,-	,6.64
Kamory Doumbia,"Brest, ",21,",  AM(C)  ",7(18),874	,5	,0.5	,19	,87.8	,-	,0.7	,-	,6.63
Abdoulaye Touré,"Le Havre, ",30,",  DMC  ",27(3),2294	,-	,0.4	,40.9	,83.8	,-	,1.9	,-	,6.63
Isaak Touré,"Lorient, ",21,",  D(C)  ",23(1),2053	,1	,0.3	,52.9	,89.8	,0.1	,1.7	,-	,6.63
Yehvann Diouf,"Reims, ",24,",  GK  ",34,3060	,-	,-	,32.7	,75.7	,-	,5.6	,-	,6.62
Philipp Köhn,"Monaco, ",26,",  GK  ",22,1980	,-	,-	,26.1	,67.5	,-	,5.5	,-	,6.62
Eray Cömert,"Nantes, ",26,",  D(C)  ",23(2),1999	,-	,0.2	,42.3	,88.5	,0.1	,2.9	,-	,6.62
Formose Mendy,"Lorient, ",23,",  D(C)  ",13(5),1255	,-	,0.1	,37.8	,79.9	,0.2	,3	,-	,6.62
Geoffrey Kondogbia,"Marseille, ",31,",  D(C),DMC  ",15(11),1458	,-	,0.4	,36.3	,88	,-	,2.2	,-	,6.62
Douglas Augusto,"Nantes, ",27,",  DMC  ",22(3),1783	,-	,0.7	,40.6	,87.9	,0.4	,1.6	,-	,6.61
Guela Doué,"Rennes, ",21,",  D(R)  ",13(11),1229	,2	,0.7	,21.7	,78.9	,0.5	,0.9	,-	,6.61
Julien Ponceau,"Lorient, ",23,",  AM(C)  ",27(5),2253	,2	,1.1	,35.2	,87.3	,0.4	,1.1	,-	,6.61
Alban Lafont,"Nantes, ",25,",  GK  ",28,2497	,-	,-	,30.7	,67.7	,-	,5.3	,-	,6.61
Hicham Boudaoui,"Nice, ",24,",  M(CR)  ",17(12),1613	,-	,0.7	,23.8	,86.5	,0.1	,0.6	,0.1	,6.61
Adrien Truffert,"Rennes, ",22,",  D(L),M(L)  ",24(6),2146	,2	,0.6	,34.4	,82.1	,0.4	,1	,-	,6.61
Pablo Rosario,"Nice, ",27,",  D(CR),DMC  ",21(9),2004	,-	,0.6	,37.6	,90	,0.1	,1	,0.1	,6.61
Hugo Magnetti,"Brest, ",26,",  DMC  ",30(3),2355	,-	,0.7	,33.7	,89.1	,0.2	,1.2	,-	,6.61
Mohamed Bayo,"Le Havre, ",26,",  FW  ",16(6),1394	,1	,0.6	,13.7	,66.4	,-	,0.2	,-	,6.61
Florent Mollet,"Nantes, ",32,",  AM(CLR)  ",24(5),2091	,4	,1.3	,31.2	,87.2	,0.8	,0.9	,-	,6.61
Iliman Ndiaye,"Marseille, ",24,",  AM(CLR),FW  ",19(11),1626	,3	,0.7	,18.1	,85.1	,0.1	,0.2	,-	,6.61
Deiver Machado,"Lens, ",30,",  M(L)  ",13(6),1128	,-	,0.7	,19.5	,81.9	,0.3	,0.4	,-	,6.60
Habib Diarra,"Strasbourg, ",20,",  AM(CLR)  ",28(3),2314	,1	,0.7	,27.3	,86.2	,0.1	,1.6	,-	,6.60
Cristian Cásseres,"Toulouse, ",24,",  M(CR)  ",23(9),1950	,3	,0.5	,31.1	,82.5	,0.2	,1.5	,-	,6.59
Jake O'Brien,"Lyon, ",23,",  D(C)  ",27,2370	,2	,0.2	,52.9	,88.3	,-	,3.4	,-	,6.59
Duje Caleta-Car,"Lyon, ",27,",  D(C)  ",22(2),1992	,-	,0.3	,50	,87.3	,-	,2.3	,-	,6.59
Akor Adams,"Montpellier, ",24,",  FW  ",27(5),2264	,1	,0.5	,11.6	,66.4	,0.1	,0.3	,-	,6.59
Junior Mwanga,"Strasbourg, ",21,",  DMC  ",17(5),1458	,1	,0.6	,23.4	,80.7	,-	,1.2	,-	,6.59
Yoann Salmier,"Le Havre, ",31,",  D(CR)  ",18(2),1570	,1	,0.3	,34.9	,80.6	,0.1	,2.2	,-	,6.59
Jean-Charles Castelletto,"Nantes, ",29,",  D(CR)  ",28,2466	,-	,0.4	,45.4	,86.8	,0.1	,2	,-	,6.58
Milan Skriniar,"PSG, ",29,",  D(C)  ",17(7),1625	,-	,-	,75.5	,95.4	,-	,2.3	,-	,6.58
Abakar Sylla,"Strasbourg, ",21,",  D(C)  ",19(3),1792	,-	,0.2	,56.5	,88.2	,-	,2.5	,-	,6.58
Mohamed-Ali Cho,"Nice, ",20,",  AM(R),FW  ",11(6),866	,2	,0.8	,13.1	,82.5	,0.5	,0.1	,-	,6.58
Moussa Diarra,"Toulouse, ",23,",  D(CL)  ",15(7),1395	,2	,0.5	,27.4	,82.2	,0.2	,1.1	,-	,6.58
Ainsley Maitland-Niles,"Lyon, ",26,",  D(LR),M(CLR)  ",16(7),1433	,4	,0.8	,29.8	,84.4	,0.1	,1.2	,-	,6.57
Thomas Delaine,"Strasbourg, ",32,",  D(L),M(LR)  ",24(3),2052	,1	,1	,23.3	,77.1	,0.9	,1	,-	,6.57
Habib Keïta,"Clermont Foot, ",22,",  DMC  ",12(15),1273	,-	,0.4	,24.8	,88	,-	,2	,-	,6.57
Christopher Wooh,"Rennes, ",22,",  D(C)  ",15(3),1388	,-	,0.3	,43.6	,85.8	,-	,2.3	,0.1	,6.57
Keito Nakamura,"Reims, ",23,",  AM(L)  ",17(8),1390	,1	,0.6	,14.8	,77.4	,0.2	,0.6	,0.1	,6.56
Ângelo,"Strasbourg, ",19,",  AM(LR)  ",11(10),1089	,3	,1.2	,18	,75.2	,0.5	,0.6	,0.1	,6.56
Mikkel Desler,"Toulouse, ",29,",  D(R),M(R)  ",19(5),1552	,1	,0.3	,31.9	,85.1	,0.2	,0.5	,-	,6.56
Soungoutou Magassa,"Monaco, ",20,",  D(C)  ",15(6),1344	,-	,0.1	,47.2	,87.4	,-	,2.8	,-	,6.56
Folarin Balogun,"Monaco, ",23,",  FW  ",19(10),1697	,5	,0.9	,12.1	,74.9	,-	,0.1	,-	,6.56
Ablie Jallow,"Metz, ",25,",  AM(CR)  ",10(7),923	,2	,0.7	,17.1	,82.5	,0.4	,1.1	,0.1	,6.55
Matthis Abline,"Nantes, ",21,",  AM(L),FW  ",12(10),1044	,-	,0.8	,10.1	,71.6	,0.1	,0.2	,-	,6.55
Jim Allevinah,"Clermont Foot, ",29,",  M(CLR)  ",22(7),1880	,1	,0.7	,21.9	,83.8	,0.3	,0.3	,-	,6.55
Yusuf Yazici,"Lille, ",27,",  M(CLR),FW  ",16(11),1318	,2	,0.7	,17.3	,79.2	,0.3	,0.4	,-	,6.54
Fali Candé,"Metz, ",26,",  D(CL),M(L)  ",20(5),1846	,1	,0.2	,30.1	,80.2	,-	,2.8	,-	,6.54
Andy Diouf,"Lens, ",21,",  M(C)  ",16(9),1321	,-	,0.8	,27.5	,84.3	,0.5	,0.2	,-	,6.54
Falaye Sacko,"Montpellier, ",29,",  D(CLR),M(R)  ",15(4),1380	,1	,0.4	,32.6	,79.3	,0.3	,1.1	,-	,6.54
Elye Wahi,"Lens, ",21,",  AM(L),FW  ",20(7),1704	,3	,0.6	,10.5	,75.4	,-	,0.1	,-	,6.54
Maxime Colin,"Metz, ",32,",  D(CLR),M(R)  ",22,1836	,-	,0.2	,30.4	,71	,0.4	,1.4	,-	,6.53
Emmanuel Sabbi,"Le Havre, ",26,",  AM(L)  ",18(12),1589	,1	,0.3	,11.3	,73.5	,0.1	,0.2	,-	,6.53
Josué Casimir,"Le Havre, ",22,",  M(LR),FW  ",25(5),2035	,5	,1	,21.3	,77.1	,0.2	,0.5	,-	,6.53
Cheick Oumar Konaté,"Clermont Foot, ",20,",  D(C),M(R)  ",12(7),1069	,1	,0.8	,20.1	,70.6	,0.5	,0.7	,-	,6.53
Ludovic Blas,"Rennes, ",26,",  M(CLR),FW  ",18(11),1568	,1	,0.7	,15.4	,85.5	,0.3	,1.1	,-	,6.52
Tiémoué Bakayoko,"Lorient, ",29,",  DMC  ",15(5),1317	,1	,0.2	,31.7	,86.6	,-	,1.2	,0.1	,6.51
Jordan Lotomba,"Nice, ",25,",  D(LR),M(R)  ",21(7),1809	,-	,0.4	,29.1	,85.9	,0.2	,0.4	,-	,6.51
Emanuel Emegha,"Strasbourg, ",21,",  FW  ",23(5),2090	,1	,0.3	,10.4	,73.3	,-	,-	,-	,6.51
Marcus Coco,"Nantes, ",28,",  D(R),M(LR),FW  ",18(10),1489	,-	,0.4	,18.5	,77.4	,0.4	,0.4	,-	,6.51
Daler Kuzyaev,"Le Havre, ",31,",  D(R),M(CLR)  ",24(6),2099	,2	,1	,33.9	,80.5	,0.1	,0.9	,0.1	,6.51
Pedro Chirivella,"Nantes, ",27,",  DMC  ",31(1),2603	,1	,0.6	,53.1	,86.9	,0.4	,3.1	,0.1	,6.50
Gaëtan Laborde,"Nice, ",30,",  AM(CLR),FW  ",22(12),1914	,2	,0.8	,14.4	,70.6	,0.5	,0.4	,-	,6.50
Mathias Pereira Lage,"Brest, ",27,",  M(CLR)  ",12(18),1182	,2	,0.5	,10.9	,76.7	,0.5	,0.2	,-	,6.50
Frank Magri,"Toulouse, ",24,",  FW  ",14(15),1434	,2	,0.5	,10.7	,71.7	,0.1	,0.1	,-	,6.49
Wesley Saïd,"Lens, ",29,",  AM(CLR),FW  ",11(16),1015	,1	,0.4	,9.1	,75.2	,0.1	,0.4	,-	,6.49
Oumar Diakité,"Reims, ",20,",  FW  ",18(10),1590	,1	,0.5	,10.8	,79.1	,-	,-	,0.1	,6.49
Adam Ounas,"Lille, ",27,",  AM(CLR),FW  ",3(14),408	,-	,0.8	,9.9	,76.9	,0.4	,0.5	,0.1	,6.49
Maxime Gonalons,"Clermont Foot, ",35,",  D(C),M(C)  ",17(4),1310	,-	,0.3	,36.7	,86.5	,-	,2.5	,-	,6.49
Amir Richardson,"Reims, ",22,",  M(C)  ",14(14),1352	,1	,0.4	,22.5	,83.5	,0.1	,1.1	,-	,6.48
Azzedine Ounahi,"Marseille, ",24,",  AM(CR)  ",15(6),1215	,-	,0.7	,37.6	,90.6	,0.2	,1	,-	,6.48
Shamar Nicholson,"Clermont Foot, ",27,",  AM(C),FW  ",17(9),1487	,3	,0.7	,14.6	,71.1	,0.1	,0.5	,-	,6.48
Johan Gastien,"Clermont Foot, ",36,",  DMC  ",28,2273	,-	,1.1	,59	,83.8	,0.5	,4.4	,0.1	,6.47
Guillaume Restes,"Toulouse, ",19,",  GK  ",34,3060	,-	,-	,23.6	,71.7	,-	,3.4	,-	,6.47
Carlos Soler,"PSG, ",27,",  M(CLR)  ",12(12),1089	,2	,0.8	,30.8	,87.5	,0.2	,1.2	,0.1	,6.47
Loïc Négo,"Le Havre, ",33,",  D(R),M(CR)  ",18(10),1565	,3	,0.5	,18.3	,77.5	,0.5	,0.4	,-	,6.47
Jean-Kévin Duverne,"Nantes, ",26,",  D(CLR)  ",15(4),1350	,-	,0.2	,34.5	,81.7	,0.2	,1.7	,-	,6.46
Evann Guessand,"Nice, ",23,",  AM(R),FW  ",14(20),1544	,-	,0.4	,8.3	,76.6	,-	,0.1	,0.1	,6.46
Ibrahima Sissoko,"Strasbourg, ",26,",  D(C),DMC  ",18(9),1641	,1	,0.4	,27.7	,81.9	,-	,1.3	,-	,6.45
Kévin N'Doram,"Metz, ",28,",  DMC  ",18(5),1605	,2	,0.3	,26.3	,79	,-	,2.3	,-	,6.45
Jérémy Le Douaron,"Brest, ",26,",  AM(L),FW  ",19(14),1622	,-	,0.3	,10.4	,71.6	,0.2	,0.4	,-	,6.45
Kévin Van Den Kerkhof,"Metz, ",28,",  AM(R)  ",21(8),1920	,2	,0.7	,13.4	,66.1	,1	,0.6	,-	,6.45
Enzo Tchato,"Montpellier, ",21,",  D(R)  ",11(6),1123	,-	,0.4	,28.6	,79.6	,0.6	,1.5	,-	,6.45
Ivan Cavaleiro,"Lille, ",30,",  AM(CLR),FW  ",9(8),777	,1	,0.7	,14.9	,79.1	,0.4	,0.3	,-	,6.44
Gabriel Gudmundsson,"Lille, ",25,",  D(L),M(LR)  ",14(11),1264	,-	,0.5	,18.2	,81.8	,0.3	,0.5	,-	,6.44
Cheikh Sabaly,"Metz, ",25,",  AM(L)  ",17(12),1388	,1	,0.3	,12.2	,80.6	,-	,0.5	,-	,6.44
Ibrahim Salah,"Rennes, ",22,",  AM(L),FW  ",4(19),510	,1	,0.2	,9.2	,81.6	,0.2	,0.4	,-	,6.44
Malick Fofana,"Lyon, ",19,",  M(L)  ",4(13),550	,-	,0.4	,9.1	,87.1	,0.2	,0.3	,-	,6.43
Jonas Martin,"Brest, ",34,",  M(CL)  ",9(22),1194	,1	,0.5	,30.5	,87.8	,0.1	,1.6	,-	,6.43
Arthur Atta,"Metz, ",21,",  M(C)  ",10(11),922	,2	,0.6	,18.2	,76.2	,0.2	,1.3	,-	,6.43
Yassine Kechta,"Le Havre, ",22,",  M(C)  ",21(11),1857	,1	,0.8	,29.1	,82.4	,0.1	,1.3	,0.1	,6.43
Jordan Ferri,"Montpellier, ",32,",  M(C)  ",24(7),2042	,1	,0.9	,41.4	,84.2	,0.4	,2.4	,0.1	,6.42
Théo Le Bris,"Lorient, ",21,",  M(L)  ",15(11),1515	,2	,0.5	,22.2	,80.7	,0.1	,0.4	,-	,6.42
Khalil Fayad,"Montpellier, ",20,",  M(CL)  ",11(12),1023	,-	,0.3	,14.2	,83.1	,-	,0.5	,-	,6.42
Reda Khadra,"Reims, ",23,",  AM(CLR),FW  ",14(15),1365	,3	,0.8	,11.1	,80.4	,0.4	,0.4	,0.1	,6.41
Aron Dønnum,"Toulouse, ",26,",  M(CLR)  ",19(8),1604	,1	,0.9	,19.7	,77.6	,0.3	,1.2	,0.1	,6.41
Jeanuël Belocian,"Rennes, ",19,",  D(CL)  ",16(7),1450	,1	,0.3	,35	,89.5	,0.1	,1.6	,-	,6.41
Danley Jean Jacques,"Metz, ",24,",  DMC  ",30(3),2687	,-	,0.3	,21.9	,78.8	,0.1	,1.3	,-	,6.41
Matz Sels,"Strasbourg, ",32,",  GK  ",19,1710	,-	,0.1	,29.1	,70.1	,-	,6.3	,-	,6.40
Christophe Hérelle,"Metz, ",31,",  D(CR)  ",18(1),1620	,-	,0.1	,31.9	,89.3	,0.1	,2.7	,-	,6.40
Wahbi Khazri,"Montpellier, ",33,",  M(CLR),FW  ",13(12),1133	,-	,0.4	,11.9	,73.2	,0.1	,0.8	,0.1	,6.40
Warren Kamanzi,"Toulouse, ",23,",  D(R),M(R)  ",12(12),1183	,3	,0.5	,21.8	,85.3	,0.1	,0.5	,-	,6.40
Elbasan Rashani,"Clermont Foot, ",31,",  AM(CLR)  ",14(10),1178	,-	,0.5	,15	,80	,0.1	,0.1	,-	,6.38
Eli Kroupi,"Lorient, ",18,",  FW  ",11(19),1078	,3	,0.4	,8.6	,80.3	,0.2	,0.2	,0.1	,6.38
Morgan Guilavogui,"Lens, ",26,",  Forward  ",2(21),556	,-	,0.6	,9.3	,77.1	,-	,0.3	,-	,6.38
Julien Laporte,"Lorient, ",30,",  D(C)  ",20(3),1819	,-	,-	,44.3	,86.5	,-	,3.8	,-	,6.38
Gédéon Kalulu,"Lorient, ",26,",  D(R),M(R)  ",11(8),969	,1	,0.4	,23.3	,82.8	,0.4	,0.7	,-	,6.37
Ismaël Doukouré,"Strasbourg, ",20,",  D(C),DMC  ",19(3),1660	,-	,0.4	,34.6	,85.8	,-	,2.5	,-	,6.37
Alexis Claude-Maurice,"Nice, ",26,",  AM(CL)  ",4(14),496	,-	,0.4	,12.5	,85.3	,0.4	,0.3	,-	,6.36
Kevin Gameiro,"Strasbourg, ",37,",  AM(C),FW  ",15(12),1349	,2	,0.9	,16.7	,82.7	,-	,0.5	,0.1	,6.36
Andy Pelmard,"Clermont Foot, ",24,",  D(CR)  ",33(1),2988	,-	,0.2	,47.3	,85.4	,-	,1.7	,0.1	,6.36
Saël Kumbedi,"Lyon, ",19,",  D(R),M(R)  ",8(9),917	,1	,0.3	,28.6	,81.9	,0.2	,0.5	,0.1	,6.36
Adrien Thomasson,"Lens, ",30,",  M(CLR)  ",13(16),1195	,2	,1	,21.6	,78.8	,0.4	,0.3	,-	,6.36
Yohann Magnin,"Clermont Foot, ",27,",  M(C)  ",17(14),1679	,-	,0.3	,26.2	,84.6	,0.2	,1.3	,-	,6.36
Thibault De Smet,"Reims, ",26,",  D(L),M(L)  ",22(5),1835	,-	,0.5	,31.9	,80.6	,0.2	,1.5	,-	,6.35
Bilal Boutobba,"Clermont Foot, ",25,",  AM(R)  ",10(17),921	,1	,0.4	,12.3	,76.3	,0.6	,0.2	,0.1	,6.35
Thomas Foket,"Reims, ",29,",  D(CLR),M(R)  ",22(5),1838	,1	,0.4	,31	,82.2	,0.3	,1.6	,-	,6.35
Mama Baldé,"Lyon, ",28,",  D(R),M(CLR),FW  ",4(16),543	,3	,0.7	,6.5	,67.7	,-	,0.2	,0.1	,6.35
Ismaël Traoré,"Metz, ",37,",  D(CR)  ",25(1),2221	,-	,0.1	,29.8	,86.9	,-	,2.4	,-	,6.35
Maximiliano Caufriez,"Clermont Foot, ",27,",  D(CR)  ",20,1666	,1	,0.5	,43.6	,87.6	,0.1	,2.6	,-	,6.34
Joel Asoro,"Metz, ",25,",  AM(R),FW  ",10(10),850	,1	,0.4	,6.3	,71.4	,0.2	,0.2	,-	,6.33
Abdoul Kader Bamba,"Nantes, ",30,",  AM(LR)  ",1(22),598	,1	,0.5	,13.1	,84.7	,0.3	,0.5	,0.1	,6.32
Antoine Joujou,"Le Havre, ",21,",  AM(L)  ",6(17),767	,2	,0.4	,10.4	,75	,0.1	,0.2	,-	,6.32
Moussa Sissoko,"Nantes, ",34,",  M(CR)  ",21(5),1823	,-	,0.5	,25	,81.7	,0.2	,0.8	,0.1	,6.31
Hákon Haraldsson,"Lille, ",21,",  AM(CL),FW  ",15(11),1290	,-	,0.6	,20.6	,83.4	,-	,0.5	,0.1	,6.30
Samuel Moutoussamy,"Nantes, ",27,",  M(CL)  ",11(15),1100	,-	,0.4	,19	,84.2	,-	,0.5	,-	,6.29
Moïse Sahi,"Strasbourg, ",22,",  Forward  ",7(11),625	,1	,0.3	,9.2	,80.1	,0.1	,0.4	,-	,6.27
Mehdi Zeffane,"Clermont Foot, ",32,",  D(LR),M(R)  ",15(8),1227	,-	,0.4	,23.8	,78.6	,0.2	,1.2	,-	,6.26
Massadio Haïdara,"Lens, ",31,",  D(CL),M(L)  ",7(11),737	,1	,0.1	,20.3	,86.3	,0.2	,0.6	,-	,6.25
Grejohn Kyei,"Clermont Foot, ",28,",  FW  ",10(16),1018	,1	,0.5	,10	,75.8	,-	,0.7	,-	,6.25
Aiyegun Tosin,"Lorient, ",26,",  AM(C),FW  ",10(9),903	,-	,0.4	,10.1	,80.1	,-	,0.3	,-	,6.22
Salis Abdul Samed,"Lens, ",24,",  DMC  ",17(10),1516	,-	,0.2	,32.9	,89.2	,0.1	,0.7	,-	,6.22
Bertug Yildirim,"Rennes, ",21,",  FW  ",2(19),455	,1	,0.2	,5	,69.5	,-	,-	,-	,6.21
Léo Leroy,"Montpellier, ",24,",  DMC  ",4(18),487	,1	,0.2	,8.3	,72.5	,-	,0.5	,-	,6.17
Jessy Deminguet,"Strasbourg, ",26,",  M(CL)  ",9(9),688	,-	,0.1	,13.4	,88.8	,0.1	,0.8	,-	,6.13
Rassoul Ndiaye,"Le Havre, ",22,",  M(C)  ",6(13),518	,-	,0.1	,13.4	,81.2	,0.1	,0.4	,-	,6.11
Samuel Grandsir,"Le Havre, ",27,",  AM(LR)  ",4(19),591	,1	,0.6	,10.6	,80.7	,0.3	,0.1	,-	,6.11
Romain Perraud,"Nice, ",26,",  D(L),M(L)  ",2(17),360	,1	,0.2	,9.6	,78.1	,0.1	,0.2	,-	,6.09
Billal Brahimi,"Brest, ",24,",  AM(L),FW  ",1(17),209	,-	,0.3	,4.8	,73.6	,0.3	,0.3	,-	,6.07
